coupling_dist,coupling_loss,log_decisiveness,log_accuracy,log_robustness,run_time
1e-06,1e-06,1.7204265588129329e-16,2.9291104989722755e-58,1.0371646162809323e-229,8.418075470129649
1e-06,0.15,6.607813933673969e-13,5.827618231448517e-44,2.200428267337076e-156,8.450880773862202
0.15,1e-06,6.890600265439515e-19,2.629527258353547e-64,3.930061541191639e-189,8.237650692462921
0.15,0.15,1.1488217979619487e-15,3.1883828868097198e-52,2.4805912606665965e-138,8.462351608276368
